[
    {
        "name":"UW Detect",
        "front":"hacks/uwdetect/front.html",
        "inject":"hacks/uwdetect/uw.js"
    },
    {
        "name":"Auto-Fish",
        "front":"hacks/fish/front.html",
        "inject":""
    },
    {
        "name":"UI-mod",
        "front":"hacks/UI/front.html",
        "inject":""
    },
    {
        "name":"craft (TODO)",
        "front":"hacks/craft/front.html",
        "inject":""
    },
    {
        "name":"side-hit",
        "front":"hacks/sidehit/front.html",
        "inject":""
    },
    {
        "name":"top-skill-calc",
        "front":"hacks/topskill/front.html",
        "inject":""
    }
]